email,phoneNumber
amedhurst0@sbwire.com,669-460-1430
jairth1@phoca.cz,888-182-4417
lsaul2@woothemes.com,929-556-0477
dpontin3@google.ru,966-672-7643
kcuxon4@wordpress.org,103-994-9998
mdronsfield5@discovery.com,578-154-7995
amactrustrie6@jimdo.com,305-914-9029
lbrockley7@weibo.com,859-234-5921
meyeington8@newsvine.com,538-743-1503
asarle9@naver.com,341-929-0248
rdukera@state.tx.us,101-547-3962
ylazareb@google.com.br,548-591-2952
sgommesc@sciencedirect.com,536-613-6371
mchidlerd@cdbaby.com,732-746-2413
clorriee@weebly.com,333-859-1369
lbohmanf@yellowpages.com,829-993-5310
wsawdong@hexun.com,406-100-3393
